[
  {
    "id": "pdf_1765357964159",
    "title": "aaa",
    "created_at": "2025-12-10 12:12",
    "type": "pdf",
    "template": "report.html",
    "ctx": {
      "analysis": {
        "kisi_bilgileri": {
          "ad_soyad": "aaa",
          "yas": "26",
          "cinsiyet": "Erkek",
          "boy_cm": "190",
          "kilo_kg": "90",
          "test_tarihi": "21.11.2025"
        },
        "vucut_formu": {
          "etiket": "Standart",
          "oran": "22.6%",
          "aciklama": "Vücut yağ oranı %22.6 ile erkek standart sınırının üzerindedir ve fazla kilolu kategoriye girmektedir. Kas kütlesi 40.8 Kg olup normal aralıktadır. Bazal metabolizma hızı 2072 kcal'dir, bu da normal seviyede metabolik aktivitenin var olduğunu gösterir. Gövde formu puanı 72,7 olup başarılı kategorisindedir.",
          "bmr_kcal": "2072",
          "form_puani": "72.7"
        },
        "genel_bulgu": {
          "ozet": "Genel sağlık durumunuzda önemli çeşitli sistemlerin fonksiyonel değerlendirmeleri yapılmıştır. Kardiyovasküler sistemde damar direnci yüksek ve damar esnekliği azalmış, bu da kan dolaşımının zorlandığını göstermektedir. Miyokardiyal oksijen tüketimi yüksek olması, kalbin çalışma yoğunluğunun arttığını yansıtır. Gastrointestinal sistemde özellikle mide ve ince bağırsak peristalsis fonksiyonları düşük ve emilim kapasitesi azalmıştır. Kalın bağırsak bakımından bağırsak bakteri katsayısı düşüktür, bağırsak mikrobiyotasında dengesizlik olabileceği düşünülmektedir. Karaciğer yağ içeriği yüksek ve protein metabolizması hafif düşük olarak ölçülmüştür. Safra kesesi fonksiyonlarında serum globulin artışı dikkat çekicidir, bu safra kesesi ile ilgili inflamasyon veya yüklenme göstergesi olabilir. Kemik sağlığı değerlendirmesinde kemik hiperplazisi ve romatoid kemik hastalığı katsayıları yüksek, kemik mineral yoğunluğu göreceli düşük olup osteoporoz riski taşımaktadır. Eser elementler içinde demir seviyesi düşüktür, bu bağışıklık ve enerji üretimini olumsuz etkileyebilir. B vitaminlerinden B3 vitamini, amino asitlerden treonin, koenzimlerden biyotin ve esansiyel yağ asidi olarak arakidonik asit düşük seviyededir. Ağır metal analizinde kurşun değeri yüksek bulunmuş, detox gereksinimi olabilir. Lipid metabolizmasında anormallik yok ancak cilt yağ indeksi yüksek ve cilt nem seviyesi fazla olup cilt sağlığına dikkat edilmelidir. Endokrin sistem hormon değerleri genel olarak normal sınırlar içinde olmasına rağmen erkeklik hormonu testosteron hafif düşük. Bağışıklık sistemi indeksleri genel olarak stabil ancak lenf düğümü ve bademcik indeksleri artı göstermektedir. Sinir sistemi ve hafıza fonksiyonları değerlendirildiğinde hafif yorgunluk ve dikkat problemi belirtileri olabilir. Solunum fonksiyonları hafif anormal düzeydedir. Kanallar ve kollaterallerde özellikle El Tai Yin Akciğer ve El Yangming Kalın Bağırsak meridyen indekslerinde düşüş görülmektedir. İnsan bilinç düzeyinde kızgınlık, suç, ilgisizlik gibi negatif duygular normal altı seviyededir. Sağlık yönetimi için bütüncül ve dengeli bir yaklaşım gerekmektedir.",
          "en_riskli_10_sistem": [
            {
              "sistem_adi": "Kardiyovasküler Sistem",
              "sorun_ozeti": "Damar direnci yüksek ve damar esnekliği azalmış, miyokardiyal oksijen tüketimi artmış, kalp dolaşımı zorlanıyor."
            },
            {
              "sistem_adi": "Gastrointestinal Sistem",
              "sorun_ozeti": "Mide ve ince bağırsak peristalsis fonksiyonları düşük, emilim kapasitesi azalmış, sindirim ve besin alımı sorunları riski yüksek."
            },
            {
              "sistem_adi": "Kalın Bağırsak",
              "sorun_ozeti": "Bağırsak bakteri katsayısı düşük, bağırsak mikrobiyota dengesizliği, bu da sindirim ve bağırsağın genel sağlığını etkileyebilir."
            },
            {
              "sistem_adi": "Karaciğer Fonksiyonu",
              "sorun_ozeti": "Karaciğer yağ içeriği yükselmiş, protein metabolizması hafif zayıf ve detoksifikasyon fonksiyonu düşük, karaciğer yükü fazla."
            },
            {
              "sistem_adi": "Safra Kesesi Fonksiyonu",
              "sorun_ozeti": "Serum globulin yüksekliği safra kesesi inflamasyonu veya fonksiyon yüklenmesine işaret etmekte."
            },
            {
              "sistem_adi": "Kemik Sağlığı",
              "sorun_ozeti": "Kemik hiperplazisi ve romatoid artrit katsayıları yüksek, osteoporoz riski var."
            },
            {
              "sistem_adi": "Eser Element Dengesi",
              "sorun_ozeti": "Demir seviyesi düşük, bağışıklık ve enerji metabolizması olumsuz etkilenebilir."
            },
            {
              "sistem_adi": "Amino Asit Metabolizması",
              "sorun_ozeti": "Treonin normal seviyenin altında, protein sentezi ve enerji metabolizması için destek gerekebilir."
            },
            {
              "sistem_adi": "Ağır Metal Yükü",
              "sorun_ozeti": "Kurşun seviyesi yüksek, toksin atılımı ve detoksifikasyonun desteklenmesi önerilir."
            },
            {
              "sistem_adi": "Cilt Sağlığı",
              "sorun_ozeti": "Cilt yağ indeksi yüksek, nem seviyesi fazla, ciltte yağlanma ve hassasiyet riski mevcut."
            }
          ],
          "onemore_urun_onerileri": [
            {
              "urun": "XAura X-Omega",
              "neden": "Esansiyel yağ asitleri dengelenerek kardiyovasküler sağlığı destekler ve cilt yağ dengesini iyileştirir.",
              "sure": "8 hafta"
            },
            {
              "urun": "XAura X-Recovery",
              "neden": "Detoksifikasyon süreçlerini destekler, vücuttaki ağır metal yükünü azaltmaya yardımcı olur.",
              "sure": "4 hafta"
            },
            {
              "urun": "XAura Beauty Collagen Mask",
              "neden": "Cilt elastikiyetini artırır ve yağ dengesini düzenleyerek cilt sağlığını iyileştirir.",
              "sure": "6 hafta"
            },
            {
              "urun": "XAura X-12",
              "neden": "Vitamin B kompleksi desteği ile metabolizma ve enerji üretimini artırır, amino asit metabolizmasını destekler.",
              "sure": "8 hafta"
            },
            {
              "urun": "XAura X-Lim",
              "neden": "Karaciğer ve safra kesesi fonksiyonlarını destekleyerek detoks süreçlerini güçlendirir.",
              "sure": "6 hafta"
            },
            {
              "urun": "XAura X-He",
              "neden": "Kemik sağlığını destekleyen kalsiyum ve D vitamini emilimini artırır, kemik mineral yoğunluğunu iyileştirir.",
              "sure": "8 hafta"
            },
            {
              "urun": "XAura 2 in 1 Coffee Reishi",
              "neden": "Bağışıklık sistemini güçlendirir ve genel enerji seviyesini artırır, antioksidan katkı sağlar.",
              "sure": "4 hafta"
            }
          ]
        },
        "dort_haftalik_plan": [
          {
            "hafta": 1,
            "odak": "Kardiyovasküler ve sindirim sağlığının desteklenmesi",
            "detay": "Damar sağlığını desteklemek için işlenmiş gıdalar, tuz ve doymuş yağlardan kaçının. Sebze, meyve ve yağsız proteinleri beslenmenize ekleyin. Sindirim sisteminizi rahatlatacak yavaş ve iyi çiğnemeye dikkat edin.",
            "urun_kullanimi": "XAura X-Omega kullanılabilir; bu ürün damar esnekliğini artırmaya ve esansiyel yağ asitlerini dengelemeye yardımcı olur."
          },
          {
            "hafta": 2,
            "odak": "Detoksifikasyon ve bağırsak florasının düzenlenmesi",
            "detay": "Yeterli su içimi sağlanmalı, bağırsak hareketliliği için yüksek lifli besinler tüketilmelidir. Düzenli egzersiz ve probiyotik destek bağırsak sağlığını güçlendirecektir.",
            "urun_kullanimi": "XAura X-Recovery kullanarak vücuttaki toksinlerin atılımına destek olunabilir."
          },
          {
            "hafta": 3,
            "odak": "Kemik sağlığının korunması ve cilt bakımı",
            "detay": "Kemik sağlığınızı korumak için kalsiyum ve D vitamini açısından zengin besinler tüketin. Cilt nemini artırmak için nemlendirici ve koruyucu cilt bakımını ihmal etmeyin.",
            "urun_kullanimi": "XAura X-He ve XAura Beauty Collagen Mask ürünleri kemik ve cilt sağlığını desteklemek için kullanılabilir."
          },
          {
            "hafta": 4,
            "odak": "Enerji seviyelerinin ve bağışıklık sisteminin artırılması",
            "detay": "Düzenli uyku, stresi azaltma teknikleri ve dengeli beslenme ile genel sağlık desteklenmelidir. Bağışıklık sisteminizi güçlendirmek için besin çeşitliliğine önem verin.",
            "urun_kullanimi": "XAura 2 in 1 Coffee Reishi ürünü, bağışıklık sistemini desteklerken enerjinizi artırmaya yardımcı olur."
          }
        ],
        "kanallar_ve_kollateraller_detay": {
          "durum": "Meridyen fonksiyonları genel olarak hafif anormallikler göstermektedir, özellikle El Tai Yin Akciğer ve El Yangming Kalın Bağırsak meridyenlerinde düşüş bulunmaktadır.",
          "belirtiler": "Bu durum, solunum ve sindirim sistemlerinde zaman zaman zorluk, yorgunluk ve hafif irritasyon gibi belirtilerle ortaya çıkabilir.",
          "riskler": "Uzun vadede bu durum, sindirim sisteminde emilim sorunları ve solunum fonksiyonlarında performans düşüklüğüne neden olabilir.",
          "yasam_onerileri": "Düzenli nefes egzersizleri, hafif spor aktiviteleri ve beslenme ile bu meridyen desteklenebilir. Bol su içmek ve toksik yüklerden uzak durmak önemlidir.",
          "detayli_aciklama": "Meridyenler, vücuttaki enerji akışının düzenlenmesinde kritik rol oynar. Bu akışın dengesi bozulduğunda çeşitli sistemlerde işlev bozuklukları gelişebilir. Özellikle solunum ve sindirim meridyenlerinin dengede tutulması hastalık riskini azaltır.",
          "onemore_urun_onerileri": [
            {
              "urun": "XAura X-Lim",
              "neden": "Vücuttaki enerji akışının düzenlenmesini ve meridyenlerin desteklenmesini sağlar.",
              "sure": "6 hafta"
            }
          ]
        },
        "insan_bilinc_duzeyi_detay": {
          "durum": "Duygusal ve zihinsel durumda genel olarak hafif olumsuzluklar gözlemlenmiştir, özellikle kızgınlık, suçluluk ve ilgisizlik duyguları öne çıkmaktadır.",
          "belirtiler": "Bu durum, günlük yaşamda motivasyon azalması, konsantrasyon güçlüğü ve ruh hali dalgalanmalarına yol açabilir.",
          "riskler": "Uzun süreli olumsuz duygular, stres yönetiminde zorluk, uyku bozuklukları ve genel yaşamsal kalitede düşüş riski taşır.",
          "yasam_onerileri": "Meditasyon, nefes ve gevşeme egzersizleriyle duygusal denge desteklenmeli, sosyal bağlar güçlendirilmelidir. Psikolojik destek ve sağlıklı yaşam alışkanlıkları önerilir.",
          "detayli_aciklama": "İnsan bilinci, duygusal ve zihinsel dengenin önemli yapı taşıdır. Olumsuz duyguların yönetimi yaşam kalitesini artırır ve psikolojik sağlık için esastır. Sağlıklı bilinç düzeyleri, bedenin genel sağılığını da olumlu etkiler.",
          "onemore_urun_onerileri": [
            {
              "urun": "XAura X-Night",
              "neden": "Uyku kalitesini artırarak zihinsel dinlenmeyi destekler, stres ve anksiyeteyi azaltıcı etki sağlar.",
              "sure": "4 hafta"
            }
          ]
        },
        "tibbi_sorumluluk": "Bu rapor Xaura Global wellness analiz cihazı verileri kullanılarak hazırlanmıştır. İçerik bilgilendirme amaçlı olup, tıbbi tanı veya tedavi yerine geçmez. Sağlık durumunuzla ilgili önemli sorunlarınız varsa lütfen uzman bir doktora danışınız.",
        "sistem_kartlari": [
          {
            "sistem_adi": "Dolaşım Sağlığı",
            "durum": "Kan damarlarındaki direnç artışı, damarların esnekliğinin azaldığını gösteriyor.",
            "belirtiler": "Yorgunluk, baş dönmesi ve göğüs sıkışması yaşanabilir.",
            "riskler": "Yüksek tansiyon, kalp krizi ve serebrovasküler sorunlar oluşabilir.",
            "yasam_tavsiyesi": "Düşük tuzlu diyet ve düzenli kardiyo egzersizi önerilir.",
            "urun_onerileri": [
              {
                "urun": "XAura X-Omega",
                "neden": "Omega-3 içerikleri damarların esnekliğini destekleyerek kan dolaşımını iyileştirir.",
                "sure": "6 hafta"
              },
              {
                "urun": "XAura X-Lim",
                "neden": "Damar tıkanıklığını azaltıcı etkisi ile kan akışını düzenler.",
                "sure": "4 hafta"
              }
            ]
          },
          {
            "sistem_adi": "Sindirim Sistemi İşlevi",
            "durum": "Mide ve bağırsak hareketlerinde yavaşlama ve emilim bozuklukları gözlemlendi.",
            "belirtiler": "Mide ağrısı, şişkinlik ve besin sindiriminde zorluk.",
            "riskler": "Besin yetersizliği, karın ağrısı ve kronik sindirim sorunları gelişebilir.",
            "yasam_tavsiyesi": "Probiyotik içerikli besinler tüketilmesi ve düzenli öğünler önerilir.",
            "urun_onerileri": [
              {
                "urun": "XAura X-Recovery",
                "neden": "Sindirim sağlığını destekleyerek bağırsak hareketlerini düzenler.",
                "sure": "4 hafta"
              },
              {
                "urun": "XAura X-12",
                "neden": "Gastrik peristalsis fonksiyonunu arttırır, bağırsak emilimini destekler.",
                "sure": "5 hafta"
              }
            ]
          },
          {
            "sistem_adi": "Kalın Bağırsak Sağlığı",
            "durum": "Bağırsak florasında dengesizlik ve emilim performansında azalma mevcut.",
            "belirtiler": "Kabızlık, gaz ve sindirim rahatsızlıkları görülebilir.",
            "riskler": "Kolon hastalıkları ve enfeksiyonlar için yatkınlık artar.",
            "yasam_tavsiyesi": "Lif açısından zengin diyet ve yeterli su tüketimi önemlidir.",
            "urun_onerileri": [
              {
                "urun": "XAura X-Lim",
                "neden": "Bağırsak hareketlerini uyararak kolon fonksiyonlarını destekler.",
                "sure": "4 hafta"
              },
              {
                "urun": "XAura X-Recovery",
                "neden": "Bağırsakların mikroflora dengesini sağlamak için etkili bir destek sağlar.",
                "sure": "6 hafta"
              }
            ]
          },
          {
            "sistem_adi": "Karaciğer Fonksiyonları",
            "durum": "Karaciğer detoksifikasyonu ve yağ metabolizmasında hafif sorunlar tespit edildi.",
            "belirtiler": "Yorgunluk, hafif sarılık ve hazımsızlık olabilir.",
            "riskler": "Yağlı karaciğer hastalığı ve siroz riski artabilir.",
            "yasam_tavsiyesi": "Alkol sınırlaması ve karaciğer dostu beslenme önerilir.",
            "urun_onerileri": [
              {
                "urun": "XAura X-He",
                "neden": "Karaciğer fonksiyonlarını destekleyen doğal bileşenler içerir.",
                "sure": "8 hafta"
              },
              {
                "urun": "Xaura Coffee Black Reishi",
                "neden": "Karaciğer detoksifikasyonunu destekleyerek enerji üretimini artırır.",
                "sure": "4 hafta"
              }
            ]
          },
          {
            "sistem_adi": "Safra Kesesi İşlevi",
            "durum": "Safra üretiminde artış ve safra akışıyla ilgili düzensizlikler gözlemlendi.",
            "belirtiler": "Mide rahatsızlığı ve yağ sindiriminde zorluk yaşanabilir.",
            "riskler": "Safra taşları ve kolestaz riski yükselebilir.",
            "yasam_tavsiyesi": "Yağlı yemeklerden kaçınılması ve düzenli egzersiz önerilir.",
            "urun_onerileri": [
              {
                "urun": "XAura X-Lim",
                "neden": "Safra üretimini ve akışını düzenleyerek sindirimi kolaylaştırır.",
                "sure": "5 hafta"
              },
              {
                "urun": "XAura X-He",
                "neden": "Safra kesesi sağlığını destekleyen formülü ile yağ metabolizmasını optimize eder.",
                "sure": "6 hafta"
              }
            ]
          },
          {
            "sistem_adi": "Pankreas Fonksiyonları",
            "durum": "Pankreas hormon salgısında ve kan şekeri düzenlemesinde hafif dengesizlik mevcut.",
            "belirtiler": "Kan şekeri dalgalanmaları ve yorgunluk görülebilir.",
            "riskler": "Diyabet ve sindirim enzim eksiklikleri riski artar.",
            "yasam_tavsiyesi": "Düzenli beslenme ve kan şekeri kontrolüne özen gösterilmelidir.",
            "urun_onerileri": [
              {
                "urun": "XAura X-Night",
                "neden": "Pankreas fonksiyonlarını destekleyerek insülin dengesini sağlar.",
                "sure": "6 hafta"
              },
              {
                "urun": "XAura X-12",
                "neden": "Pankreas polipeptidi ve glukagon dengesi için destek sağlar.",
                "sure": "5 hafta"
              }
            ]
          },
          {
            "sistem_adi": "Böbrek Sağlığı",
            "durum": "Böbrek detoksifikasyonu ve atık ürün temizliğinde hafif sorunlar var.",
            "belirtiler": "Şişlik, halsizlik ve idrar değişiklikleri yaşanabilir.",
            "riskler": "Böbrek taşları ve kronik böbrek hastalığı riski artabilir.",
            "yasam_tavsiyesi": "Bol su içimi ve tuz tüketiminin kısıtlanması tavsiye edilir.",
            "urun_onerileri": [
              {
                "urun": "XAura X-Dk",
                "neden": "Böbrek fonksiyonlarını destekleyerek toksin atılımını kolaylaştırır.",
                "sure": "6 hafta"
              },
              {
                "urun": "XAura X-Lim",
                "neden": "Böbrek sağlığını koruma amaçlı antioksidan desteği sağlar.",
                "sure": "4 hafta"
              }
            ]
          },
          {
            "sistem_adi": "Solunum Sistemi Performansı",
            "durum": "Akciğer kapasitesinde hafif azalma ve hava yolu direncinde artış saptandı.",
            "belirtiler": "Nefes darlığı ve öksürük görülebilir.",
            "riskler": "Kronik bronşit ve astım gelişme olasılığı bulunmaktadır.",
            "yasam_tavsiyesi": "Düzenli temiz hava alma ve sigaradan kaçınma önerilir.",
            "urun_onerileri": [
              {
                "urun": "XAura X-He",
                "neden": "Akciğer dokusunu destekleyen antiinflamatuvar etki sağlar.",
                "sure": "8 hafta"
              },
              {
                "urun": "XAura X-Night",
                "neden": "Solunum sistemini rahatlatmaya ve oksijen alımını artırmaya yardımcı olur.",
                "sure": "6 hafta"
              }
            ]
          },
          {
            "sistem_adi": "Beyin Sinir Fonksiyonları",
            "durum": "Beyin kanlanmasında hafif azalma ve sinir fonksiyonlarında bozulma belirtileri var.",
            "belirtiler": "Baş dönmesi, unutkanlık ve konsantrasyon güçlüğü olabilir.",
            "riskler": "Serebral damar hastalıkları ve bilişsel fonksiyon bozuklukları gelişebilir.",
            "yasam_tavsiyesi": "Zihinsel aktiviteler ve sağlıklı beslenme önemlidir.",
            "urun_onerileri": [
              {
                "urun": "XAura X-Omega",
                "neden": "Beyin fonksiyonlarını destekleyen omega-3 yağ asitleri içerir.",
                "sure": "8 hafta"
              },
              {
                "urun": "XAura X-12",
                "neden": "Sinir hücrelerinin yenilenmesine yardımcı olur ve beyin sağlığını korur.",
                "sure": "5 hafta"
              }
            ]
          },
          {
            "sistem_adi": "Kemik Sağlığı",
            "durum": "Kemik yoğunluğunda ve yapısında bozulma belirtileri mevcut.",
            "belirtiler": "Eklem ağrıları ve kemik hassasiyeti görülebilir.",
            "riskler": "Osteoporoz ve kemik kırıkları riski artmıştır.",
            "yasam_tavsiyesi": "Düzenli güneş ışığı alın ve kalsiyum açısından zengin beslenin.",
            "urun_onerileri": [
              {
                "urun": "XAura X-He",
                "neden": "Kemik yoğunluğunu destekleyici ve kalsiyum emilimini artırıcı içerikler sunar.",
                "sure": "8 hafta"
              },
              {
                "urun": "XAura X-Lim",
                "neden": "Kemik sağlığını koruyan mineral ve vitamin desteği sağlar.",
                "sure": "6 hafta"
              }
            ]
          },
          {
            "sistem_adi": "Kemik Mineral Yoğunluğu",
            "durum": "Kemik minerallerinde azalma ve kalsiyum kaybı tespit edildi.",
            "belirtiler": "Kemik kırılganlığı ve hassasiyet artışı olabilir.",
            "riskler": "Osteoporoz gelişimi ve kırık riski mevcuttur.",
            "yasam_tavsiyesi": "Kalsiyum ve D vitamini alımını artırın, egzersiz yapın.",
            "urun_onerileri": [
              {
                "urun": "XAura X-He",
                "neden": "Kemik mineral yoğunluğunu artırmaya yardımcı zengin formülasyon.",
                "sure": "8 hafta"
              },
              {
                "urun": "XAura X-Omega",
                "neden": "Omega-3 yağ asitleri kemik sağlığını destekler ve iltihabı azaltır.",
                "sure": "6 hafta"
              }
            ]
          },
          {
            "sistem_adi": "Romatizmal Kemik Durumu",
            "durum": "Eklem ve kemiklerde iltihaplanma ve kireçlenme belirtileri mevcut.",
            "belirtiler": "Eklem hareketlerinde kısıtlılık ve ağrı görülür.",
            "riskler": "Kronik romatizma ve kemik deformasyonları riski artar.",
            "yasam_tavsiyesi": "Düzenli hafif egzersiz ve antiinflamatuar beslenme önerilir.",
            "urun_onerileri": [
              {
                "urun": "XAura Pain",
                "neden": "Eklem ağrılarını ve iltihapları hafifleterek hareket kabiliyetini artırır.",
                "sure": "4 hafta"
              },
              {
                "urun": "XAura X-He",
                "neden": "Romatizma semptomlarını hafifletmeye yardımcı doğal içerikler içerir.",
                "sure": "6 hafta"
              }
            ]
          },
          {
            "sistem_adi": "Kan Şekeri Düzeni",
            "durum": "Kan şekeri seviyelerinde dengesizlik ve insülin fonksiyonunda azalma var.",
            "belirtiler": "Sık idrara çıkma, halsizlik ve açlık krizleri yaşanabilir.",
            "riskler": "Diyabet ve metabolik sendrom gelişme riski bulunur.",
            "yasam_tavsiyesi": "Düzenli öğün saatleri ve düşük glisemik indeksli beslenme önerilir.",
            "urun_onerileri": [
              {
                "urun": "XAura X-Night",
                "neden": "Kan şekeri stabilizasyonuna destek olarak insülin direncini azaltır.",
                "sure": "6 hafta"
              },
              {
                "urun": "XAura X-12",
                "neden": "Pankreas fonksiyonlarını dengeleyerek kan şekeri kontrolüne katkı sağlar.",
                "sure": "5 hafta"
              }
            ]
          },
          {
            "sistem_adi": "Eser Element Düzeyi",
            "durum": "Bazı önemli minerallerde eksiklik ve dengesizlik söz konusu.",
            "belirtiler": "Yorgunluk, bağışıklık zayıflığı ve saç dökülmesi olabilir.",
            "riskler": "Metabolik bozukluklar ve sistemik yorgunluk riski artar.",
            "yasam_tavsiyesi": "Çeşitli mineral kaynaklarından oluşan dengeli diyet uygulayın.",
            "urun_onerileri": [
              {
                "urun": "XAura X-Lim",
                "neden": "Mineral dengesi sağlayarak vücut fonksiyonlarını destekler.",
                "sure": "4 hafta"
              },
              {
                "urun": "XAura X-Omega",
                "neden": "Antioksidan etkisiyle mineral eksikliğine bağlı hasarları azaltır.",
                "sure": "6 hafta"
              }
            ]
          },
          {
            "sistem_adi": "Vitamin Seviyesi",
            "durum": "B vitaminleri ve diğer temel vitaminlerde eksiklik bulunuyor.",
            "belirtiler": "Yorgunluk, cilt problemleri ve bağışıklık zayıflığı yaşanabilir.",
            "riskler": "Kronik hastalıklar ve metabolik sorunlar riski artar.",
            "yasam_tavsiyesi": "Renkli sebze ve meyveler ağırlıklı beslenin, düzenli takviye alın.",
            "urun_onerileri": [
              {
                "urun": "XAura X-She",
                "neden": "B vitaminleri kaynağı olarak enerji metabolizmasına destek olur.",
                "sure": "6 hafta"
              },
              {
                "urun": "XAura X-Lim",
                "neden": "Vitamin D ve C desteği sağlayarak bağışıklık sistemini güçlendirir.",
                "sure": "6 hafta"
              }
            ]
          },
          {
            "sistem_adi": "Amino Asit Dengesi",
            "durum": "Bazı esansiyel amino asitlerde eksiklik gözlemlendi.",
            "belirtiler": "Kas zayıflığı, yorgunluk ve konsantrasyon sorunları olabilir.",
            "riskler": "Protein sentezinde sorun ve bağışıklık düşüklüğü riski vardır.",
            "yasam_tavsiyesi": "Protein kaynaklarını artırıp dengeli beslenmeye özen gösterin.",
            "urun_onerileri": [
              {
                "urun": "XAura X-He",
                "neden": "Kas gelişimini destekleyen esansiyel amino asit kaynakları sağlar.",
                "sure": "6 hafta"
              },
              {
                "urun": "XAura X-12",
                "neden": "Amino asit metabolizmasını dengeleyerek vücut onarımını hızlandırır.",
                "sure": "5 hafta"
              }
            ]
          },
          {
            "sistem_adi": "Koenzim Desteği",
            "durum": "Enerji üretiminde ve hücresel metabolizmada yetersizlikler mevcut.",
            "belirtiler": "Halsizlik, konsantrasyon düşüklüğü ve kas ağrıları görülür.",
            "riskler": "Metabolik sendrom gelişebilir.",
            "yasam_tavsiyesi": "Enerji artırıcı takviyeler ve düzenli egzersiz fayda sağlar.",
            "urun_onerileri": [
              {
                "urun": "XAura X-Night",
                "neden": "Koenzim Q10 içeriğiyle enerji üretimini ve hücre yenilenmesini destekler.",
                "sure": "6 hafta"
              },
              {
                "urun": "XAura Pain",
                "neden": "Hücresel iyileşme sürecini hızlandırarak ağrıların azaltılmasına yardımcı olur.",
                "sure": "4 hafta"
              }
            ]
          },
          {
            "sistem_adi": "Endokrin Sistemi",
            "durum": "Hormonal denge hafif şekilde bozulmuş, tiroid ve adrenal fonksiyonlarda değişim var.",
            "belirtiler": "Enerji dalgalanmaları, uyku sorunları ve stres artışı olabilir.",
            "riskler": "Tiroid bozuklukları ve adrenal yorgunluk riski taşır.",
            "yasam_tavsiyesi": "Stresi azaltan aktiviteler ve hormon dengeleyici beslenme önerilir.",
            "urun_onerileri": [
              {
                "urun": "XAura X-He",
                "neden": "Endokrin sistemi dengeler, hormon salınımını destekler.",
                "sure": "8 hafta"
              },
              {
                "urun": "XAura X-Night",
                "neden": "Uyku kalitesini artırarak hormonal dengeyi iyileştirir.",
                "sure": "6 hafta"
              }
            ]
          },
          {
            "sistem_adi": "Yağ Asidi Profili",
            "durum": "Omega-3 ve esansiyel yağ asitlerinde yetersizlik görülüyor.",
            "belirtiler": "Cilt kuruluğu, yorgunluk ve iltihaplanma riski artabilir.",
            "riskler": "Kardiyovasküler hastalıklar ve inflamatuar süreçler tetiklenebilir.",
            "yasam_tavsiyesi": "Omega-3 kaynağı gıdalar tüketilmeli ve işlenmiş yağlar azaltılmalı.",
            "urun_onerileri": [
              {
                "urun": "XAura X-Omega",
                "neden": "Vücudun omega-3 ihtiyacını karşılayarak iltihap azaltıcı etki sağlar.",
                "sure": "8 hafta"
              },
              {
                "urun": "XAura X-Lim",
                "neden": "Yağ asidi metabolizmasını destekleyerek dengeli lipid profili oluşturur.",
                "sure": "6 hafta"
              }
            ]
          },
          {
            "sistem_adi": "Endokrin Organ Sağlığı",
            "durum": "Tiroid, paratiroid ve hipofiz fonksiyonlarında hafif anormallikler mevcut.",
            "belirtiler": "Enerji düşüklüğü, metabolizma yavaşlaması ve ruh hali değişimleri olabilir.",
            "riskler": "Hormonal dengesizlikler ve metabolik sendrom gelişebilir.",
            "yasam_tavsiyesi": "Hormonal dengeyi koruyacak sağlıklı yaşam tarzı şarttır.",
            "urun_onerileri": [
              {
                "urun": "XAura X-He",
                "neden": "Endokrin bezlerinin sağlıklı çalışmasını destekleyici içerik sağlar.",
                "sure": "8 hafta"
              },
              {
                "urun": "XAura X-Night",
                "neden": "Hormonal salınımı düzenleyerek düzenli uyku paterni oluşturur.",
                "sure": "6 hafta"
              }
            ]
          },
          {
            "sistem_adi": "Bağışıklık Fonksiyonları",
            "durum": "Bağışıklık hücre aktivitelerinde artış ve düzen bozukluğu fark edildi.",
            "belirtiler": "Sık enfeksiyon, yorgunluk ve alerjik reaksiyonlar yaşanabilir.",
            "riskler": "Otoimmün hastalıklar ve enfeksiyon yatkınlığı artar.",
            "yasam_tavsiyesi": "Dengeli beslenme ve stres yönetimi bağışıklığı güçlendirir.",
            "urun_onerileri": [
              {
                "urun": "XAura X-She",
                "neden": "Bağışıklık hücrelerini güçlendiren doğal bileşenler içerir.",
                "sure": "6 hafta"
              },
              {
                "urun": "XAura X-Lim",
                "neden": "İmmün sistemin düzenlenmesine yardımcı olur ve inflamasyonu azaltır.",
                "sure": "5 hafta"
              }
            ]
          },
          {
            "sistem_adi": "Tiroid Sağlığı",
            "durum": "Tiroid hormonları ve antikorlarında anormallikler mevcut.",
            "belirtiler": "Yorgunluk, kilo değişimi ve sinirlilik gözlenebilir.",
            "riskler": "Hipotiroidi veya hipertiroidi riski bulunmaktadır.",
            "yasam_tavsiyesi": "Yeterli iyot alımı ve düzenli tıbbi takip gereklidir.",
            "urun_onerileri": [
              {
                "urun": "XAura X-He",
                "neden": "Tiroid hormonlarının düzenlenmesine yardımcı içerikler içerir.",
                "sure": "8 hafta"
              },
              {
                "urun": "XAura X-12",
                "neden": "Tiroid fonksiyonlarını destekler ve metabolizmayı hızlandırır.",
                "sure": "5 hafta"
              }
            ]
          },
          {
            "sistem_adi": "Vücut Toksin Kontrolü",
            "durum": "Elektromanyetik radyasyon ve pestisit gibi toksinlere maruz kalma yüksek.",
            "belirtiler": "Baş ağrısı, yorgunluk ve dikkat dağınıklığı olabilir.",
            "riskler": "Hücre hasarı ve kronik hastalık riski artar.",
            "yasam_tavsiyesi": "Toksin maruziyeti azaltılmalı ve detoks destek ürünleri kullanılmalı.",
            "urun_onerileri": [
              {
                "urun": "XAura X-Lim",
                "neden": "Detoksifikasyon sürecini hızlandırarak toksinlerin atılmasına yardımcı olur.",
                "sure": "6 hafta"
              },
              {
                "urun": "XAura X-He",
                "neden": "Antioksidan etkisiyle hücre yenilenmesini destekler.",
                "sure": "8 hafta"
              }
            ]
          },
          {
            "sistem_adi": "Ağır Metal Kontrolü",
            "durum": "Kurşun, kadmiyum ve civa gibi ağır metallerin vücutta birikimi var.",
            "belirtiler": "Kas güçsüzlüğü, baş ağrısı ve sinir sistemi sorunları görülebilir.",
            "riskler": "Kronik zehirlenme ve organ hasarı riski artar.",
            "yasam_tavsiyesi": "Detoksifikasyon destek ürünleri kullanmalı, çevresel maruziyet azaltılmalı.",
            "urun_onerileri": [
              {
                "urun": "XAura X-Lim",
                "neden": "Ağır metalleri bağlayarak vücuttan atılmasını hızlandırır.",
                "sure": "8 hafta"
              },
              {
                "urun": "XAura X-He",
                "neden": "Detoksifikasyon sistemlerini destekleyerek metal yükünü azaltır.",
                "sure": "6 hafta"
              }
            ]
          },
          {
            "sistem_adi": "Fiziksel Dayanıklılık ve Kalite",
            "durum": "Reaksiyon hızı ve zihinsel güç normal sınırlarda, ancak bazı hafif azalmalar mevcut.",
            "belirtiler": "Konsantrasyon bozukluğu ve çabuk yorulma hissedilebilir.",
            "riskler": "Enerji düşüklüğü, öğrenme güçlüğü ve dayanıklılık azalması riski vardır.",
            "yasam_tavsiyesi": "Düzenli fiziksel ve zihinsel egzersizler yapılmalıdır.",
            "urun_onerileri": [
              {
                "urun": "XAura X-Night",
                "neden": "Uyku kalitesini artırarak zihinsel ve fiziksel dayanıklılığı destekler.",
                "sure": "6 hafta"
              },
              {
                "urun": "XAura X-She",
                "neden": "Zihinsel performansı artıran doğal içeriklerle doludur.",
                "sure": "5 hafta"
              }
            ]
          },
          {
            "sistem_adi": "Alerji Tepkileri",
            "durum": "İlaç, polen ve kimyasal alerjilerinde orta düzey artış mevcut.",
            "belirtiler": "Kaşıntı, burun akıntısı, cilt kızarıklığı ve nefes alma zorluğu görülebilir.",
            "riskler": "Astım, egzama ve anafilaksi riski bulunmaktadır.",
            "yasam_tavsiyesi": "Alerjenlerden kaçının ve bağışıklık sistemini güçlendirin.",
            "urun_onerileri": [
              {
                "urun": "XAura X-She",
                "neden": "Alerjik reaksiyonları azaltmaya yardımcı doğal içerikler sağlar.",
                "sure": "6 hafta"
              },
              {
                "urun": "XAura X-Lim",
                "neden": "Bağışıklık sistemini destekleyerek alerji etkilerini hafifletir.",
                "sure": "5 hafta"
              }
            ]
          },
          {
            "sistem_adi": "Vücut Ağırlık ve Yağ Kontrolü",
            "durum": "Lipid metabolizmasında hafif anormallikler ve yağ dokusunda artış var.",
            "belirtiler": "Fazla kilo, halsizlik ve enerji düşüklüğü oluşabilir.",
            "riskler": "Metabolik sendrom, diyabet ve kalp hastalıkları riski artar.",
            "yasam_tavsiyesi": "Dengeli beslenme ve düzenli egzersiz şarttır.",
            "urun_onerileri": [
              {
                "urun": "XAura X-Lim",
                "neden": "Lipid metabolizmasını destekleyerek yağ yakımını artırır.",
                "sure": "6 hafta"
              },
              {
                "urun": "XAura X-Night",
                "neden": "Uyku kalitesini artırarak kilo kontrolüne yardımcı olur.",
                "sure": "4 hafta"
              }
            ]
          },
          {
            "sistem_adi": "Cilt Sağlığı",
            "durum": "Ciltte nem kaybı, yağlanma ve serbest radikal stresinde artış mevcut.",
            "belirtiler": "Kuru, kırışık ve lekeli cilt problemleri görülebilir.",
            "riskler": "Erken cilt yaşlanması, kırışıklıklar ve hassasiyet riski bulunmaktadır.",
            "yasam_tavsiyesi": "Düzenli nemlendirme ve güneş koruyucu kullanımı önerilir.",
            "urun_onerileri": [
              {
                "urun": "XAura Beauty Collagen Soothing Gel",
                "neden": "Cildi nemlendirir, rahatlatır ve kollajen üretimini destekler.",
                "sure": "4 hafta"
              },
              {
                "urun": "XAura Beauty Sun Cream",
                "neden": "Güneşin zararlı etkilerine karşı güçlü koruma sağlar.",
                "sure": "6 hafta"
              }
            ]
          },
          {
            "sistem_adi": "Göz Sağlığı",
            "durum": "Göz altı ve kollajen kalitesinde bozulma, lenfatik tıkanıklık belirtileri var.",
            "belirtiler": "Göz yorgunluğu, koyu halkalar ve şişlik gözlenebilir.",
            "riskler": "Görsel performans düşebilir, katarakt ve göz hastalıkları riski artar.",
            "yasam_tavsiyesi": "Göz egzersizleri ve antioksidan açısından zengin beslenme önerilir.",
            "urun_onerileri": [
              {
                "urun": "XAura Beauty Eye Cream",
                "neden": "Göz çevresi cildini destekleyerek yorgunluk belirtilerini azaltır.",
                "sure": "6 hafta"
              },
              {
                "urun": "XAura X-Omega",
                "neden": "Göz sağlığı için omega-3 desteği sunar.",
                "sure": "8 hafta"
              }
            ]
          },
          {
            "sistem_adi": "Bağ Dokusu Sağlığı",
            "durum": "Kollajen eksikliği ve bağ dokusunda elastikiyet azlığı bulunuyor.",
            "belirtiler": "Cilt sarkması, eklem sertliği ve yorgunluk yaşanabilir.",
            "riskler": "Eklem hastalıkları ve erken yaşlanma riski mevcuttur.",
            "yasam_tavsiyesi": "Kolajen destekleri ve düzenli fiziksel aktivite fayda sağlar.",
            "urun_onerileri": [
              {
                "urun": "XAura Beauty Collagen Mask",
                "neden": "Ciltte kollajen üretimini teşvik ederek esnekliği artırır.",
                "sure": "4 hafta"
              },
              {
                "urun": "XAura Pain",
                "neden": "Eklem ve bağ dokusundaki ağrıları hafifleterek hareket kabiliyetini destekler.",
                "sure": "6 hafta"
              }
            ]
          },
          {
            "sistem_adi": "Enerji Ve Solunum",
            "durum": "Solunum hacminde azalma, inspirasyon kapasitesi hafif düşüklükte.",
            "belirtiler": "Nefes darlığı ve yorgunluk gözlemlenebilir.",
            "riskler": "Akciğer enfeksiyonları ve kronik solunum sorunları gelişebilir.",
            "yasam_tavsiyesi": "Derin nefes egzersizleri ve temiz hava önemli.",
            "urun_onerileri": [
              {
                "urun": "XAura X-He",
                "neden": "Akciğer fonksiyonlarını destekleyerek solunum kapasitesini artırır.",
                "sure": "6 hafta"
              },
              {
                "urun": "XAura X-Night",
                "neden": "Uyku kalitesini destekleyerek solunum sağlığını iyileştirir.",
                "sure": "4 hafta"
              }
            ]
          },
          {
            "sistem_adi": "Lipit Yönetimi",
            "durum": "Kan viskozitesi ve trigliserit seviyelerinde artış mevcut.",
            "belirtiler": "Yorgunluk ve kalp çarpıntısı olabilir.",
            "riskler": "Damar sertliği, kalp ve damar hastalıkları riskini artırır.",
            "yasam_tavsiyesi": "Doymuş yağları sınırlayıp, sağlıklı yağları artırın.",
            "urun_onerileri": [
              {
                "urun": "XAura X-Omega",
                "neden": "Lipit profillerini düzenleyerek kalp sağlığını korur.",
                "sure": "8 hafta"
              },
              {
                "urun": "XAura X-Lim",
                "neden": "Kolesterol ve yağ metabolizmasını destekler.",
                "sure": "6 hafta"
              }
            ]
          },
          {
            "sistem_adi": "Prostat Sağlığı",
            "durum": "Prostat hiperplazisi ve kalsifikasyonunda artış mevcut.",
            "belirtiler": "İdrar yaparken zorluk ve alt karın ağrısı olabilir.",
            "riskler": "İdrar yolu enfeksiyonları ve idrar tıkanıklığı riski bulunur.",
            "yasam_tavsiyesi": "Düzenli sağlık kontrolleri ve sağlıklı yaşam uygulanmalıdır.",
            "urun_onerileri": [
              {
                "urun": "XAura X-Recovery",
                "neden": "Prostat dokusunu destekleyerek sağlıklı fonksiyon sağlar.",
                "sure": "6 hafta"
              },
              {
                "urun": "XAura X-He",
                "neden": "İltihaplanmayı azaltıcı etkisiyle prostat problemlerine yardımcı olur.",
                "sure": "8 hafta"
              }
            ]
          },
          {
            "sistem_adi": "Erkek Cinsel Sağlığı",
            "durum": "Testosteron seviyesi düşüklüğü ve ereksiyon güçsüzlüğü belirtileri var.",
            "belirtiler": "Cinsel isteksizlik ve performans sorunları yaşanabilir.",
            "riskler": "Cinsel disfonksiyon ve özgüven kaybı riskleri vardır.",
            "yasam_tavsiyesi": "Düzenli egzersiz, dengeli beslenme ve stres yönetimi önemli.",
            "urun_onerileri": [
              {
                "urun": "XAura X-She",
                "neden": "Hormonal dengeyi destekleyerek cinsel fonksiyonları iyileştirir.",
                "sure": "6 hafta"
              },
              {
                "urun": "XAura X-Recovery",
                "neden": "Enerji verici ve performans artırıcı bileşenler içerir.",
                "sure": "5 hafta"
              }
            ]
          },
          {
            "sistem_adi": "Sperm ve Üreme Sağlığı",
            "durum": "Sperm sayısı ve hareketliliğinde hafif düşüş tespit edildi.",
            "belirtiler": "Fertilite sorunları ve üreme gücünde azalma görülebilir.",
            "riskler": "Kısırlık ve üreme bozuklukları ortaya çıkabilir.",
            "yasam_tavsiyesi": "Antioksidan açısından zengin beslenme ve stresten kaçınma önerilir.",
            "urun_onerileri": [
              {
                "urun": "XAura X-Recovery",
                "neden": "Sperm kalitesini artırmaya yönelik doğal destekler sunar.",
                "sure": "6 hafta"
              },
              {
                "urun": "XAura X-Night",
                "neden": "Uyku kalitesini iyileştirerek hormon dengesini destekler.",
                "sure": "4 hafta"
              }
            ]
          },
          {
            "sistem_adi": "Erkek Hormon Düzeyi",
            "durum": "Androjen ve luteinize edici hormon seviyelerinde düşüklük mevcut.",
            "belirtiler": "Enerji düşüklüğü, libido azlığı ve genel yorgunluk yaşanabilir.",
            "riskler": "Cinsel işlev bozuklukları ve metabolik hastalıklar riski artar.",
            "yasam_tavsiyesi": "Hormonal denge sağlayacak yaşam biçimi değişiklikleri önerilir.",
            "urun_onerileri": [
              {
                "urun": "XAura X-She",
                "neden": "Hormon üretimini destekleyerek enerji seviyelerini yükseltir.",
                "sure": "6 hafta"
              },
              {
                "urun": "XAura X-He",
                "neden": "Endokrin sistemi dengeleyerek hormon seviyelerini arttırır.",
                "sure": "8 hafta"
              }
            ]
          },
          {
            "sistem_adi": "Bağışıklık Direnci",
            "durum": "Doğuştan gelen ve humoral bağışıklıkta hafif artış gözlendi.",
            "belirtiler": "Sık enfeksiyon, yorgunluk ve alerjik reaksiyonlar olabilir.",
            "riskler": "Otoimmün hastalıklar ve bağışıklık yetersizliği riskleri mevcuttur.",
            "yasam_tavsiyesi": "Dengeli beslenme ve stres azaltma bağışıklığı güçlendirir.",
            "urun_onerileri": [
              {
                "urun": "XAura X-She",
                "neden": "Bağışıklık hücrelerini destekleyerek koruyucu etkiler sağlar.",
                "sure": "6 hafta"
              },
              {
                "urun": "XAura X-Lim",
                "neden": "İmmünotonifiye edici doğal bileşenler içerir.",
                "sure": "5 hafta"
              }
            ]
          },
          {
            "sistem_adi": "Zihinsel ve Duygusal Durum",
            "durum": "Korku, suçluluk ve ilgisizlik gibi duygularda artış saptandı.",
            "belirtiler": "Stres, motivasyon kaybı ve dikkatte azalma görülür.",
            "riskler": "Depresyon ve anksiyete gelişimi riski yüksektir.",
            "yasam_tavsiyesi": "Düzenli meditasyon ve sosyal destek önerilir.",
            "urun_onerileri": [
              {
                "urun": "XAura X-Night",
                "neden": "Uyku kalitesini artırarak zihinsel dengeyi destekler.",
                "sure": "6 hafta"
              },
              {
                "urun": "XAura X-She",
                "neden": "Sinir sistemi fonksiyonlarını destekleyen içeriklere sahiptir.",
                "sure": "5 hafta"
              }
            ]
          },
          {
            "sistem_adi": "Solunum Fonksiyonları",
            "durum": "Pitellikte ve solunum hacimlerinde hafif azalmalar mevcut.",
            "belirtiler": "Halsizlik ve solunum güçlüğü yaşanabilir.",
            "riskler": "Kronik solunum yolu hastalıkları gelişme riski vardır.",
            "yasam_tavsiyesi": "Sağlıklı hava koşullarında egzersiz önerilir.",
            "urun_onerileri": [
              {
                "urun": "XAura X-He",
                "neden": "Solunum yollarını destekleyerek kapasiteyi artırır.",
                "sure": "6 hafta"
              },
              {
                "urun": "XAura X-Night",
                "neden": "Uyku esnasında solunum düzenini iyileştirir.",
                "sure": "4 hafta"
              }
            ]
          },
          {
            "sistem_adi": "Lipit Yapısı ve Fosfolipitler",
            "durum": "Fosfolipid ve lektin indekslerinde hafif düşüşler var.",
            "belirtiler": "Hücre membranlarında yorgunluk ve enerji düşüşü olabilir.",
            "riskler": "Hücre fonksiyonlarında bozulma ve metabolik sorunlar oluşabilir.",
            "yasam_tavsiyesi": "Sağlıklı yağ asitleri bakımından zengin beslenilmelidir.",
            "urun_onerileri": [
              {
                "urun": "XAura X-Omega",
                "neden": "Hücre sağlığını destekleyen omega-3 ve fosfolipid kombinasyonu içerir.",
                "sure": "8 hafta"
              },
              {
                "urun": "XAura X-Lim",
                "neden": "Hücresel enerji üretimini destekler ve metabolizmayı iyileştirir.",
                "sure": "6 hafta"
              }
            ]
          },
          {
            "sistem_adi": "Yağ Asidi Düzeyi",
            "durum": "Doymamış yağ asitleri ve trigliseritlerde doğal sınırlar içinde değişiklik var.",
            "belirtiler": "Enerji dalgalanmaları ve cilt sorunları oluşabilir.",
            "riskler": "Kardiyovasküler risk ve inflamasyonda artış olabilir.",
            "yasam_tavsiyesi": "Doymamış yağ asitlerini artırarak dengeli yağ alımı önerilir.",
            "urun_onerileri": [
              {
                "urun": "XAura X-Omega",
                "neden": "Doymamış yağ asitlerini dengeleyerek kalp sağlığını destekler.",
                "sure": "8 hafta"
              },
              {
                "urun": "XAura X-Lim",
                "neden": "Yağ metabolizmasını optimize eden bileşenler içerir.",
                "sure": "6 hafta"
              }
            ]
          },
          {
            "sistem_adi": "İnsan Ürünü",
            "durum": "Vücut nemi ve kas hacminde uygun oranlar, yağ oranı normal sınırlar içinde.",
            "belirtiler": "Dengeli vücut yapısı ve fonksiyonu gözlemleniyor.",
            "riskler": "Aşırı kilo veya kas kaybı riski bulunmamaktadır.",
            "yasam_tavsiyesi": "Sağlıklı beslenme ve düzenli egzersiz yeterlidir.",
            "urun_onerileri": [
              {
                "urun": "XAura X-Recovery",
                "neden": "Vücut fonksiyonlarını destekleyerek genel iyi oluş sağlar.",
                "sure": "6 hafta"
              },
              {
                "urun": "XAura X-Lim",
                "neden": "Metabolizmayı destekler ve vücut fonksiyonlarını dengeler.",
                "sure": "5 hafta"
              }
            ]
          }
        ]
      },
      "detail_label": "Ultra Detaylı (En kapsamlı)",
      "target_lang": "tr",
      "second_lang": "",
      "bilingual": false,
      "brand": "xaura",
      "brand_label": "Xaura Global",
      "ui_texts": {
        "report_title": "Kişisel Wellness Raporu",
        "complaint_report_title": "Şikâyet Bazlı Wellness Raporu",
        "detail_label_ultra": "Ultra Detaylı (En kapsamlı)",
        "nav_kisi": "Kişisel Bilgiler",
        "nav_genel": "Genel Bulgu & Yaşam Stratejisi",
        "nav_plan": "4 Haftalık Yaşam Planı",
        "nav_risk10": "En Riskli 10 Sistem",
        "nav_kanallar": "Kanallar & Kollateraller",
        "nav_bilinc": "İnsan Bilinç Düzeyi",
        "nav_kartlar": "46 Sistem Kartı",
        "nav_uyari": "Tıbbi Sorumluluk Beyanı",
        "subtitle_46": "Her bir kart ilgili sistem başlığını gösterir; tüm sistemler listelenir.",
        "no_detail_card": "Bu kart için detaylı analiz bulunmamaktadır.",
        "no_product_suggestion": "Bu kart için spesifik ürün önerisi yoktur.",
        "btn_back": "Ana Sayfaya Dön",
        "btn_new": "Yeni Test",
        "btn_pdf": "Analizi PDF Olarak Kaydet",
        "vucut_title": "Vücut Formu Değerlendirmesi"
      }
    }
  }
]